No,actual,full,full_vals,tflite,tflite_opt,tflite_opt_rep,tflite_int
0,0.0,1,0.7136866450309750,1,0,1,1
1,0.0,0,0.22961944341659500,0,0,0,0
2,0.0,1,0.5607057213783260,1,0,1,1
3,0.0,0,0.48600009083747900,0,0,0,0
4,1.0,1,0.7450779676437380,1,0,1,1
5,0.0,0,0.19377252459526100,0,0,0,0
6,0.0,0,0.29783639311790500,0,0,0,0
7,1.0,1,0.5326884984970090,1,0,1,1
8,1.0,0,0.24614927172660800,0,0,0,0
9,1.0,1,0.8215667009353640,1,0,1,1
10,0.0,1,0.6727510094642640,1,0,1,1
11,0.0,0,0.2358318567276000,0,0,0,0
12,0.0,1,0.6718383431434630,1,0,1,1
13,0.0,0,0.26350587606430100,0,0,0,0
14,1.0,1,0.7890287041664120,1,0,1,1
15,0.0,1,0.764107346534729,1,0,1,1
16,0.0,1,0.6939923763275150,1,0,1,1
17,0.0,1,0.5189898610115050,1,0,1,1
18,0.0,1,0.6372504830360410,1,0,1,1
19,1.0,1,0.727683961391449,1,0,1,1
20,0.0,0,0.4603699743747710,0,0,0,0
21,1.0,1,0.5948683619499210,1,0,1,1
22,1.0,1,0.5813629627227780,1,0,1,1
23,1.0,1,0.7237753868103030,1,0,1,1
24,1.0,1,0.891834557056427,1,0,1,1
25,0.0,0,0.32662153244018600,0,0,0,0
26,0.0,0,0.26494771242141700,0,0,0,0
27,0.0,1,0.6917302012443540,1,0,1,1
28,0.0,0,0.3679216206073760,0,0,0,0
29,0.0,1,0.5857992768287660,1,0,1,1
30,1.0,0,0.398907870054245,0,0,0,0
31,0.0,1,0.5206440091133120,1,0,1,1
32,0.0,1,0.6665139198303220,1,0,1,1
33,1.0,0,0.3069536089897160,0,0,0,0
34,0.0,0,0.3957655429840090,0,0,0,0
35,0.0,1,0.5858101844787600,1,0,1,1
36,0.0,0,0.232852041721344,0,0,0,0
37,0.0,1,0.6802701950073240,1,0,1,1
38,0.0,0,0.17859143018722500,0,0,0,0
39,0.0,0,0.18102091550827000,0,0,0,0
40,0.0,0,0.17871886491775500,0,0,0,0
41,0.0,1,0.8954832553863530,1,0,1,1
42,0.0,0,0.28610074520111100,0,0,0,0
43,0.0,1,0.5001362562179570,1,0,1,1
44,1.0,1,0.7782878279685970,1,0,1,1
45,0.0,1,0.7491061091423040,1,0,1,1
46,0.0,0,0.21707117557525600,0,0,0,0
47,1.0,0,0.20564845204353300,0,0,0,0
48,1.0,1,0.6296723484992980,1,0,1,1
49,1.0,0,0.3983394205570220,0,0,0,0
50,1.0,1,0.5377892255783080,1,0,1,1
51,0.0,0,0.3964814245700840,0,0,0,0
52,0.0,1,0.6801905632019040,1,0,1,1
53,0.0,0,0.23930999636650100,0,0,0,0
54,0.0,1,0.6205058693885800,1,0,1,1
55,1.0,0,0.43738895654678300,0,0,0,0
56,0.0,1,0.6286652684211730,1,0,1,1
57,0.0,0,0.4082266688346860,0,0,0,0
58,1.0,0,0.23950499296188400,0,0,0,0
59,0.0,1,0.5553735494613650,1,0,1,1
60,1.0,0,0.3374099135398870,0,0,0,0
61,1.0,1,0.7471786141395570,1,0,1,1
62,0.0,0,0.3070642948150640,0,0,0,0
63,1.0,1,0.6977408528327940,1,0,1,1
64,0.0,1,0.7507439851760860,1,0,1,1
65,0.0,0,0.2726656198501590,0,0,0,0
66,0.0,0,0.438805490732193,0,0,0,0
67,0.0,1,0.5762391686439510,1,0,1,1
68,0.0,0,0.27979809045791600,0,0,0,0
69,1.0,0,0.20085996389389000,0,0,0,0
70,0.0,0,0.4366377592086790,0,0,0,0
71,0.0,1,0.5881580710411070,1,0,1,1
72,1.0,1,0.7203812003135680,1,0,1,1
73,1.0,1,0.6315698623657230,1,0,1,1
74,1.0,1,0.5731968879699710,1,0,1,1
75,1.0,1,0.6140356063842770,1,0,1,1
76,0.0,0,0.3744129538536070,0,0,0,0
77,1.0,0,0.39211735129356400,0,0,0,0
78,0.0,1,0.6710202693939210,1,0,1,1
79,1.0,1,0.9514657258987430,1,0,1,1
80,1.0,0,0.36644113063812300,0,0,0,0
81,0.0,0,0.4318041205406190,0,0,0,0
82,1.0,0,0.4257168769836430,0,0,0,0
83,0.0,0,0.1874450147151950,0,0,0,0
84,0.0,0,0.20021280646324200,0,0,0,0
85,0.0,0,0.2830103039741520,0,0,0,0
86,0.0,1,0.6243428587913510,1,0,1,1
87,1.0,1,0.9840923547744750,1,0,1,1
88,0.0,1,0.7138628959655760,1,0,1,1
89,1.0,1,0.5538738369941710,1,0,1,1
90,0.0,1,0.6042538285255430,1,0,1,1
91,1.0,1,0.5407220721244810,1,0,1,1
92,1.0,1,0.6642999649047850,1,0,1,1
93,1.0,1,0.5091151595115660,1,0,1,1
94,0.0,0,0.23906174302101100,0,0,0,0
95,1.0,1,0.6209173798561100,1,0,1,1
96,1.0,0,0.3697088956832890,0,0,0,0
97,0.0,1,0.6464483141899110,1,0,1,1
98,1.0,1,0.5424733757972720,1,0,1,1
99,0.0,1,0.7315630912780760,1,0,1,1
100,1.0,0,0.4132267236709600,0,0,0,0
101,1.0,1,0.912525475025177,1,0,1,1
102,1.0,1,0.7637709379196170,1,0,1,1
103,0.0,1,0.5542255640029910,1,0,1,1
104,0.0,0,0.44896650314331100,0,0,0,0
105,0.0,1,0.682774543762207,1,0,1,1
106,1.0,1,0.8602030277252200,1,0,1,1
107,1.0,1,0.7790498733520510,1,0,1,1
108,0.0,0,0.2529238760471340,0,0,0,0
109,1.0,0,0.3566373586654660,0,0,0,0
110,1.0,1,0.5321034789085390,1,0,1,1
111,1.0,1,0.7434839010238650,1,0,1,1
112,1.0,1,0.8877269625663760,1,0,1,1
113,1.0,0,0.36642220616340600,0,0,0,0
114,1.0,1,0.5858790278434750,1,0,1,1
115,1.0,0,0.449306458234787,0,0,0,0
116,1.0,1,0.5889183282852170,1,0,1,1
117,0.0,1,0.6141157150268560,1,0,1,1
118,0.0,0,0.38002386689186100,0,0,0,0
119,0.0,1,0.5047193765640260,1,0,0,0
120,1.0,1,0.8026723861694340,1,0,1,1
121,1.0,1,0.9014959335327150,1,0,1,1
122,0.0,0,0.29702895879745500,0,0,0,0
123,0.0,0,0.46948301792144800,0,0,0,0
124,1.0,1,0.5304708480834960,1,0,1,1
125,1.0,1,0.6476195454597470,1,0,1,1
126,0.0,1,0.6449437141418460,1,0,1,1
127,1.0,1,0.8270362019538880,1,0,1,1
128,1.0,1,0.6913334131240850,1,0,1,1
129,0.0,0,0.18342238664627100,0,0,0,0
130,0.0,1,0.609358012676239,1,0,1,1
131,0.0,0,0.36194390058517500,0,0,0,0
132,1.0,1,0.637004017829895,1,0,1,1
133,1.0,1,0.5854469537734990,1,0,1,1
134,0.0,0,0.37723308801651,0,0,0,0
135,0.0,1,0.643377959728241,1,0,1,1
136,0.0,0,0.3701179027557370,0,0,0,0
137,1.0,1,0.7914324998855590,1,0,1,1
138,0.0,0,0.4433484971523290,0,0,0,0
139,1.0,1,0.6440755724906920,1,0,1,1
140,0.0,0,0.21293848752975500,0,0,0,0
141,0.0,0,0.2009899914264680,0,0,0,0
142,1.0,1,0.7653773427009580,1,0,1,1
143,0.0,1,0.5752625465393070,1,0,1,1
144,1.0,1,0.7278408408164980,1,0,1,1
145,0.0,0,0.22099396586418200,0,0,0,0
146,1.0,1,0.7431317567825320,1,0,1,1
147,1.0,1,0.7688629627227780,1,0,1,1
148,0.0,0,0.2867339849472050,0,0,0,0
149,1.0,0,0.2547213137149810,0,0,0,0
150,0.0,0,0.18004360795021100,0,0,0,0
151,1.0,1,0.7659749388694760,1,0,1,1
152,0.0,0,0.3865070641040800,0,0,0,0
153,0.0,1,0.6737573742866520,1,0,1,1
154,1.0,0,0.20605993270874000,0,0,0,0
155,0.0,0,0.17920655012130700,0,0,0,0
156,0.0,1,0.5569019317626950,1,0,1,1
157,0.0,0,0.20875120162963900,0,0,0,0
158,0.0,1,0.7140980958938600,1,0,1,1
159,0.0,0,0.23990517854690600,0,0,0,0
160,1.0,1,0.5157871842384340,1,0,1,1
161,1.0,1,0.8587096333503720,1,0,1,1
162,0.0,0,0.48980793356895400,0,0,0,0
163,0.0,0,0.4821428656578060,0,0,0,0
164,0.0,0,0.456604927778244,0,0,0,0
165,0.0,1,0.5422800183296200,1,0,1,1
166,1.0,1,0.6272685527801510,1,0,1,1
167,0.0,0,0.22349730134010300,0,0,0,0
168,1.0,1,0.6500629782676700,1,0,1,1
169,1.0,1,0.8609683513641360,1,0,1,1
170,0.0,1,0.6374108791351320,1,0,1,1
171,1.0,1,0.8003101348876950,1,0,1,1
172,0.0,0,0.21325334906578100,0,0,0,0
173,0.0,0,0.3588961362838750,0,0,0,0
174,1.0,1,0.6593519449234010,1,0,1,1
175,0.0,0,0.2281065285205840,0,0,0,0
176,1.0,1,0.6532962322235110,1,0,1,1
177,0.0,1,0.5786056518554690,1,0,1,1
178,0.0,1,0.5324931144714360,1,0,1,1
179,1.0,1,0.5364408493041990,1,0,1,1
180,0.0,1,0.5435875058174130,1,0,1,1
181,0.0,0,0.4151533246040340,0,0,0,0
182,1.0,1,0.8715813159942630,1,0,1,1
183,0.0,1,0.65694260597229,1,0,1,1
184,0.0,0,0.19721639156341600,0,0,0,0
185,1.0,1,0.660620391368866,1,0,1,1
186,0.0,0,0.26929885149002100,0,0,0,0
187,1.0,0,0.4486481249332430,0,0,0,0
188,0.0,0,0.17848649621009800,0,0,0,0
189,1.0,1,0.6878777742385860,1,0,1,1
190,1.0,1,0.8003377914428710,1,0,1,1
191,0.0,0,0.21636059880256700,0,0,0,0
192,1.0,1,0.5671260356903080,1,0,1,1
193,0.0,0,0.17914673686027500,0,0,0,0
194,0.0,0,0.33048301935195900,0,0,0,0
195,1.0,1,0.7057358026504520,1,0,1,1
196,0.0,1,0.6436783075332640,1,0,1,1
197,0.0,1,0.682182788848877,1,0,1,1
198,0.0,0,0.2760903835296630,0,0,0,0
199,0.0,1,0.6392933130264280,1,0,1,1
200,1.0,1,0.5796393156051640,1,0,1,1
201,0.0,0,0.18385890126228300,0,0,0,0
202,0.0,1,0.5758911967277530,1,0,1,1
203,1.0,1,0.5842240452766420,1,0,1,1
204,1.0,1,0.6678422093391420,1,0,1,1
205,1.0,1,0.8943668603897100,1,0,1,1
206,0.0,0,0.2275548279285430,0,0,0,0
207,0.0,1,0.6476380825042730,1,0,1,1
208,1.0,1,0.7019729614257810,1,0,1,1
209,1.0,1,0.6024393439292910,1,0,1,1
210,1.0,1,0.6887686252593990,1,0,1,1
211,0.0,0,0.2673105001449590,0,0,0,0
212,0.0,0,0.26859378814697300,0,0,0,0
213,1.0,0,0.2885136902332310,0,0,0,0
214,1.0,1,0.6497917175292970,1,0,1,1
215,1.0,0,0.3050115704536440,0,0,0,0
216,1.0,1,0.7350260615348820,1,0,1,1
217,0.0,1,0.5832992792129520,1,0,1,1
218,0.0,1,0.5091561675071720,1,0,1,1
219,1.0,1,0.5815783143043520,1,0,1,1
220,0.0,1,0.5982581973075870,1,0,1,1
221,0.0,1,0.6122108101844790,1,0,1,1
222,1.0,1,0.9780832529067990,1,0,1,1
223,0.0,0,0.3508859872817990,0,0,0,0
224,0.0,1,0.6501754522323610,1,0,1,1
225,0.0,0,0.18972408771514900,0,0,0,0
226,1.0,1,0.8034007549285890,1,0,1,1
227,0.0,1,0.5633156895637510,1,0,1,1
228,1.0,1,0.6958559155464170,1,0,1,1
229,1.0,1,0.7824673652648930,1,0,1,1
230,0.0,0,0.24330249428749100,0,0,0,0
231,1.0,0,0.39752015471458400,0,0,0,0
232,0.0,1,0.523179829120636,1,0,1,1
233,0.0,0,0.387439489364624,0,0,0,0
234,0.0,0,0.34809088706970200,0,0,0,0
235,1.0,1,0.7960237264633180,1,0,1,1
236,0.0,0,0.37170979380607600,0,0,0,0
237,1.0,1,0.6385412812232970,1,0,1,1
238,1.0,1,0.5532429218292240,1,0,1,1
239,0.0,1,0.7683727741241460,1,0,1,1
240,1.0,1,0.747016191482544,1,0,1,1
241,0.0,0,0.23870214819908100,0,0,0,0
242,0.0,1,0.6251713633537290,1,0,1,1
243,0.0,0,0.21564295887947100,0,0,0,0
244,0.0,0,0.4680958092212680,0,0,0,0
245,0.0,0,0.4800274968147280,0,0,0,0
246,0.0,1,0.6190093755722050,1,0,1,1
247,0.0,1,0.5700235366821290,1,0,1,1
248,1.0,1,0.5284632444381710,1,0,1,1
249,1.0,1,0.6818109750747680,1,0,1,1
250,0.0,0,0.18736621737480200,0,0,0,0
251,0.0,1,0.5889968872070310,1,0,1,1
252,1.0,1,0.5640552639961240,1,0,1,1
253,0.0,0,0.2924579679965970,0,0,0,0
254,1.0,1,0.5657274127006530,1,0,1,1
255,0.0,0,0.4205654263496400,0,0,0,0
256,1.0,0,0.2384834885597230,0,0,0,0
257,1.0,1,0.67191481590271,1,0,1,1
258,1.0,0,0.17568323016166700,0,0,0,0
259,1.0,0,0.40380579233169600,0,0,0,0
260,1.0,1,0.7464482188224790,1,0,1,1
261,0.0,0,0.22458583116531400,0,0,0,0
262,1.0,1,0.6647112965583800,1,0,1,1
263,0.0,0,0.437113881111145,0,0,0,0
264,1.0,1,0.6129809617996220,1,0,1,1
265,0.0,1,0.8048583269119260,1,0,1,1
266,0.0,0,0.16728869080543500,0,0,0,0
267,0.0,1,0.560680627822876,1,0,1,1
268,1.0,1,0.9675980806350710,1,0,1,1
269,0.0,1,0.8044443726539610,1,0,1,1
270,1.0,1,0.5773429274559020,1,0,1,1
271,0.0,0,0.2219577133655550,0,0,0,0
272,0.0,1,0.58725506067276,1,0,1,1
273,0.0,0,0.35566943883895900,0,0,0,0
274,1.0,1,0.5271620154380800,1,0,1,1
275,0.0,1,0.5919191837310790,1,0,1,1
276,0.0,0,0.4120994806289670,0,0,0,0
277,0.0,0,0.4687906503677370,0,0,0,0
278,0.0,1,0.5969648957252500,1,0,1,1
279,1.0,1,0.6681641936302190,1,0,1,1
280,0.0,0,0.38277190923690800,0,0,0,0
281,1.0,1,0.5248752236366270,1,0,1,1
282,1.0,1,0.6908960938453670,1,0,1,1
283,0.0,0,0.18654438853263900,0,0,0,0
284,1.0,1,0.6382562518119810,1,0,1,1
285,0.0,1,0.7605593204498290,1,0,1,1
286,1.0,0,0.2719329297542570,0,0,0,0
287,0.0,0,0.20188400149345400,0,0,0,0
288,0.0,0,0.186435729265213,0,0,0,0
289,1.0,0,0.3829059302806850,0,0,0,0
290,1.0,1,0.5714558362960820,1,0,1,1
291,0.0,0,0.2395361363887790,0,0,0,0
292,1.0,1,0.5747033953666690,1,0,1,1
293,0.0,0,0.330651193857193,0,0,0,0
294,0.0,0,0.2734873294830320,0,0,0,0
295,0.0,1,0.5254493355751040,1,0,1,1
296,0.0,0,0.4954906404018400,0,0,0,0
297,1.0,1,0.7229269742965700,1,0,1,1
298,1.0,1,0.5771094560623170,1,0,1,1
299,0.0,1,0.5182355046272280,1,0,1,1
300,1.0,0,0.26509523391723600,0,0,0,0
301,0.0,1,0.6217401027679440,1,0,1,1
302,1.0,1,0.6538228392601010,1,0,1,1
303,1.0,0,0.49985450506210300,0,0,0,0
304,0.0,0,0.28445345163345300,0,0,0,0
305,0.0,0,0.3324146866798400,0,0,0,0
306,1.0,1,0.8249011039733890,1,0,1,1
307,0.0,0,0.17661625146865800,0,0,0,0
308,0.0,1,0.7486836910247800,1,0,1,1
309,0.0,1,0.5622286796569820,1,0,1,1
310,0.0,0,0.24984565377235400,0,0,0,0
311,0.0,1,0.6997905373573300,1,0,1,1
312,0.0,1,0.6493945121765140,1,0,1,1
313,1.0,1,0.6039794087409970,1,0,1,1
314,0.0,0,0.45499879121780400,0,0,0,0
315,1.0,0,0.43385419249534600,0,0,0,0
316,0.0,0,0.24189803004264800,0,0,0,0
317,0.0,0,0.312343955039978,0,0,0,0
318,0.0,0,0.4998621642589570,1,0,1,1
319,1.0,0,0.4460894763469700,0,0,0,0
320,1.0,1,0.6411295533180240,1,0,1,1
321,0.0,1,0.5195292234420780,1,0,1,1
322,0.0,0,0.4923863708972930,0,0,0,0
323,0.0,0,0.1843656301498410,0,0,0,0
324,1.0,1,0.6037830114364620,1,0,1,1
325,0.0,0,0.32014092803001400,0,0,0,0
326,1.0,1,0.6226215362548830,1,0,1,1
327,0.0,0,0.2986386716365810,0,0,0,0
328,0.0,1,0.7572121024131780,1,0,1,1
329,0.0,1,0.5753011703491210,1,0,1,1
330,1.0,0,0.37617823481559800,0,0,0,0
331,0.0,0,0.4155075252056120,0,0,0,0
332,0.0,1,0.5355516076087950,1,0,1,1
333,1.0,1,0.6013738512992860,1,0,1,1
334,1.0,1,0.5587641596794130,1,0,1,1
335,1.0,0,0.36185526847839400,0,0,0,0
336,1.0,1,0.8248047232627870,1,0,1,1
337,0.0,1,0.6172007918357850,1,0,1,1
338,0.0,1,0.796351432800293,1,0,1,1
339,1.0,1,0.6589566469192510,1,0,1,1
340,1.0,0,0.2279423475265500,0,0,0,0
341,0.0,0,0.23834621906280500,0,0,0,0
342,1.0,1,0.5030137896537780,1,0,1,1
343,1.0,0,0.370856910943985,0,0,0,0
344,0.0,0,0.4561852514743810,0,0,0,0
345,0.0,1,0.6042366027832030,1,0,1,1
346,0.0,0,0.24264848232269300,0,0,0,0
347,1.0,1,0.915154218673706,1,0,1,1
348,1.0,1,0.6035571694374080,1,0,1,1
349,1.0,0,0.2919268012046810,0,0,0,0
350,0.0,0,0.4506317377090450,0,0,0,0
351,0.0,1,0.7633496522903440,1,0,1,1
352,1.0,0,0.4925074577331540,0,0,0,0
353,0.0,1,0.5747693777084350,1,0,1,1
354,0.0,1,0.681769609451294,1,0,1,1
355,0.0,0,0.43662211298942600,0,0,0,0
356,1.0,0,0.41403692960739100,0,0,0,0
357,0.0,0,0.34793126583099400,0,0,0,0
358,0.0,0,0.49651816487312300,0,0,0,0
359,1.0,1,0.5786417126655580,1,0,1,1
360,0.0,0,0.49982544779777500,0,0,0,0
361,1.0,1,0.9290076494216920,1,0,1,1
362,1.0,1,0.8212219476699830,1,0,1,1
363,1.0,0,0.39862021803855900,0,0,0,0
364,1.0,1,0.7950881719589230,1,0,1,1
365,0.0,0,0.4549250304698940,0,0,0,0
366,0.0,0,0.21323174238205000,0,0,0,0
367,0.0,0,0.22976800799369800,0,0,0,0
368,1.0,0,0.4604826271533970,0,0,0,0
369,0.0,0,0.37617629766464200,0,0,0,0
370,1.0,1,0.6200481057167050,1,0,1,1
371,0.0,0,0.4620652496814730,0,0,0,0
372,1.0,1,0.9890711307525640,1,0,1,1
373,1.0,1,0.7837975025177000,1,0,1,1
374,0.0,1,0.8805137872695920,1,0,1,1
375,0.0,0,0.19383925199508700,0,0,0,0
376,0.0,1,0.5364539623260500,1,0,1,1
377,1.0,0,0.43519455194473300,0,0,0,0
378,0.0,1,0.5087863206863400,1,0,1,1
379,0.0,0,0.3342793583869930,0,0,0,0
380,0.0,0,0.40224477648735000,0,0,0,0
381,0.0,1,0.6265939474105840,1,0,1,1
382,1.0,1,0.5486574769020080,1,0,1,1
383,1.0,0,0.3827844262123110,0,0,0,0
384,1.0,1,0.7387695908546450,1,0,1,1
385,0.0,0,0.23142707347869900,0,0,0,0
386,1.0,1,0.6428437232971190,1,0,1,1
387,1.0,1,0.6651352047920230,1,0,1,1
388,1.0,1,0.7372822165489200,1,0,1,1
389,1.0,1,0.655825674533844,1,0,1,1
390,0.0,1,0.592484712600708,1,0,1,1
391,1.0,1,0.7707099914550780,1,0,1,1
392,0.0,0,0.474906861782074,0,0,0,0
393,1.0,1,0.5910652279853820,1,0,1,1
394,1.0,1,0.5275151133537290,1,0,1,1
395,1.0,1,0.7663323879241940,1,0,1,1
396,1.0,0,0.3788338303565980,0,0,0,0
397,0.0,1,0.5508784651756290,1,0,1,1
398,0.0,0,0.48956215381622300,0,0,0,0
399,1.0,1,0.7666301727294920,1,0,1,1
400,1.0,1,0.7330272793769840,1,0,1,1
401,0.0,0,0.45133402943611100,0,0,0,0
402,1.0,0,0.36202436685562100,0,0,0,0
403,0.0,1,0.5923243165016170,1,0,1,1
404,0.0,1,0.5186501145362850,1,0,1,1
405,1.0,1,0.8247009515762330,1,0,1,1
406,0.0,0,0.3270307183265690,0,0,0,0
407,0.0,1,0.5179045796394350,1,0,1,1
408,1.0,1,0.7313801050186160,1,0,1,1
409,1.0,1,0.6074992418289190,1,0,1,1
410,0.0,0,0.42086073756218000,0,0,0,0
411,0.0,0,0.4446813464164730,0,0,0,0
412,1.0,0,0.21916106343269300,0,0,0,0
413,0.0,0,0.34254705905914300,0,0,0,0
414,0.0,0,0.3287316858768460,0,0,0,0
415,0.0,0,0.28290921449661300,0,0,0,0
416,1.0,1,0.6200119853019710,1,0,1,1
417,1.0,1,0.6624456644058230,1,0,1,1
418,1.0,1,0.6531964540481570,1,0,1,1
419,1.0,0,0.24482238292694100,0,0,0,0
420,1.0,0,0.18206676840782200,0,0,0,0
421,1.0,1,0.8251431584358220,1,0,1,1
422,0.0,0,0.18887808918952900,0,0,0,0
423,1.0,1,0.5494197607040410,1,0,1,1
424,1.0,1,0.5146455764770510,1,0,1,1
425,0.0,1,0.571727454662323,1,0,1,1
426,0.0,1,0.6234450936317440,1,0,1,1
427,0.0,0,0.3983846604824070,0,0,0,0
428,0.0,0,0.39483126997947700,0,0,0,0
429,0.0,0,0.38927966356277500,0,0,0,0
430,1.0,1,0.7632811069488530,1,0,1,1
431,0.0,0,0.2849396765232090,0,0,0,0
432,1.0,1,0.6700221300125120,1,0,1,1
433,1.0,0,0.29674142599105800,0,0,0,0
434,0.0,0,0.3463842272758480,0,0,0,0
435,0.0,1,0.6360512375831600,1,0,1,1
436,0.0,0,0.2099095582962040,0,0,0,0
437,1.0,1,0.6018636226654050,1,0,1,1
438,1.0,1,0.5375446081161500,1,0,1,1
439,0.0,0,0.18928658962249800,0,0,0,0
440,0.0,0,0.3906944692134860,0,0,0,0
441,0.0,0,0.19541779160499600,0,0,0,0
442,1.0,0,0.3468266725540160,0,0,0,0
443,0.0,1,0.5631856918334960,1,0,1,1
444,1.0,1,0.645463764667511,1,0,1,1
445,1.0,1,0.6769827604293820,1,0,1,1
446,1.0,1,0.6913838386535650,1,0,1,1
447,0.0,1,0.5800672173500060,1,0,1,1
448,0.0,1,0.5931041240692140,1,0,1,1
449,1.0,1,0.6606640815734860,1,0,1,1
450,0.0,0,0.21432530879974400,0,0,0,0
451,1.0,1,0.6045774221420290,1,0,1,1
452,1.0,1,0.5934162735939030,1,0,1,1
453,1.0,1,0.9026985168457030,1,0,1,1
454,0.0,1,0.6356358528137210,1,0,1,1
455,1.0,0,0.2683156132698060,0,0,0,0
456,1.0,1,0.5513418316841130,1,0,1,1
457,0.0,1,0.6170357465744020,1,0,1,1
458,1.0,1,0.6021131277084350,1,0,1,1
459,0.0,1,0.6156516075134280,1,0,1,1
460,0.0,1,0.6505537033081060,1,0,1,1
461,0.0,0,0.4776207208633420,0,0,0,0
462,0.0,1,0.5003563761711120,0,0,0,0
463,1.0,1,0.7955448627471920,1,0,1,1
464,0.0,1,0.5261101722717290,1,0,1,1
465,0.0,0,0.21864750981330900,0,0,0,0
466,0.0,1,0.6269382238388060,1,0,1,1
467,1.0,1,0.5932760238647460,1,0,1,1
468,1.0,1,0.5749530792236330,1,0,1,1
469,0.0,1,0.5945000648498540,1,0,1,1
470,1.0,1,0.7687532901763920,1,0,1,1
471,1.0,1,0.6684032082557680,1,0,1,1
472,1.0,1,0.6313022375106810,1,0,1,1
473,1.0,1,0.737077534198761,1,0,1,1
474,0.0,0,0.4641786217689510,0,0,0,0
475,0.0,1,0.5014010667800900,0,0,0,0
476,1.0,1,0.7301292419433590,1,0,1,1
477,0.0,1,0.8387871980667110,1,0,1,1
478,1.0,1,0.6137930154800420,1,0,1,1
479,0.0,1,0.7450572848320010,1,0,1,1
480,1.0,0,0.2174905240535740,0,0,0,0
481,0.0,0,0.4475525915622710,0,0,0,0
482,0.0,0,0.21803101897239700,0,0,0,0
483,0.0,0,0.30330774188041700,0,0,0,0
484,0.0,1,0.7550090551376340,1,0,1,1
485,0.0,1,0.580744206905365,1,0,1,1
486,0.0,1,0.5710740089416500,1,0,1,1
487,1.0,1,0.7713178992271420,1,0,1,1
488,1.0,1,0.6605468392372130,1,0,1,1
489,1.0,0,0.32505369186401400,0,0,0,0
490,0.0,0,0.2127196192741390,0,0,0,0
491,0.0,1,0.7858989834785460,1,0,1,1
492,1.0,1,0.6931591629982000,1,0,1,1
493,0.0,1,0.575290322303772,1,0,1,1
494,0.0,0,0.4014601707458500,0,0,0,0
495,1.0,1,0.6794970035552980,1,0,1,1
496,1.0,1,0.8751629590988160,1,0,1,1
497,0.0,1,0.6535898447036740,1,0,1,1
498,0.0,0,0.16711893677711500,0,0,0,0
499,1.0,1,0.8082298040390020,1,0,1,1
500,1.0,1,0.6568033695220950,1,0,1,1
501,1.0,1,0.6845533847808840,1,0,1,1
502,1.0,1,0.7632139921188350,1,0,1,1
503,0.0,0,0.4421709477901460,0,0,0,0
504,0.0,0,0.21224123239517200,0,0,0,0
505,1.0,1,0.6534143686294560,1,0,1,1
506,1.0,1,0.6273742914199830,1,0,1,1
507,0.0,0,0.3679709732532500,0,0,0,0
508,1.0,1,0.5883820056915280,1,0,1,1
509,1.0,0,0.44639113545417800,0,0,0,0
510,1.0,0,0.3823646903038030,0,0,0,0
511,1.0,1,0.5052214860916140,1,0,1,1
512,0.0,0,0.18985110521316500,0,0,0,0
513,1.0,0,0.477941632270813,0,0,0,0
514,0.0,0,0.19588801264762900,0,0,0,0
515,0.0,0,0.3935762941837310,0,0,0,0
516,1.0,1,0.8678025603294370,1,0,1,1
517,0.0,0,0.4599750339984890,0,0,0,0
518,1.0,1,0.9776840209960940,1,0,1,1
519,0.0,0,0.27974140644073500,0,0,0,0
520,0.0,1,0.6593954563140870,1,0,1,1
521,1.0,1,0.5789263248443600,1,0,1,1
522,0.0,1,0.619791567325592,1,0,1,1
523,0.0,1,0.5903335809707640,1,0,1,1
524,1.0,0,0.3305824398994450,0,0,0,0
525,0.0,0,0.29474133253097500,0,0,0,0
526,1.0,1,0.7301844358444210,1,0,1,1
527,1.0,1,0.6073811054229740,1,0,1,1
528,0.0,0,0.25284087657928500,0,0,0,0
529,0.0,1,0.5952012538909910,1,0,1,1
530,0.0,0,0.49784040451049800,0,0,0,0
531,0.0,0,0.4285179078578950,0,0,0,0
532,0.0,0,0.4538719356060030,0,0,0,0
533,1.0,1,0.8978548049926760,1,0,1,1
534,1.0,0,0.4410799741745000,0,0,0,0
535,0.0,0,0.2400418519973760,0,0,0,0
536,0.0,1,0.6044701337814330,1,0,1,1
537,0.0,0,0.45665690302848800,0,0,0,0
538,0.0,0,0.31192952394485500,0,0,0,0
539,1.0,0,0.45320984721183800,0,0,0,0
540,1.0,1,0.6306275129318240,1,0,1,1
541,0.0,1,0.6295312643051150,1,0,1,1
542,0.0,0,0.2830694913864140,0,0,0,0
543,0.0,1,0.5819932222366330,1,0,1,1
544,1.0,1,0.682642936706543,1,0,1,1
545,1.0,1,0.5986257195472720,1,0,1,1
546,0.0,1,0.5652030110359190,1,0,1,1
547,1.0,1,0.8334667086601260,1,0,1,1
548,1.0,1,0.5034507513046270,1,0,1,1
549,1.0,1,0.5251962542533880,1,0,1,1
550,1.0,1,0.6375266313552860,1,0,1,1
551,1.0,1,0.7704132795333860,1,0,1,1
552,1.0,1,0.7178002595901490,1,0,1,1
553,1.0,1,0.6539293527603150,1,0,1,1
554,0.0,1,0.6303277611732480,1,0,1,1
555,0.0,1,0.7587025761604310,1,0,1,1
556,1.0,1,0.6294937133789060,1,0,1,1
557,0.0,1,0.5126460790634160,1,0,1,1
558,0.0,0,0.21790537238121000,0,0,0,0
559,0.0,1,0.5509011149406430,1,0,1,1
560,0.0,0,0.46180838346481300,0,0,0,0
561,0.0,1,0.6138455867767330,1,0,1,1
562,1.0,1,0.5068917274475100,1,0,1,1
563,0.0,1,0.5424759984016420,1,0,1,1
564,0.0,0,0.36554616689682000,0,0,0,0
565,1.0,1,0.507305383682251,1,0,1,1
566,0.0,1,0.5103878974914550,1,0,1,1
567,0.0,1,0.5391623973846440,1,0,1,1
568,1.0,0,0.48455488681793200,0,0,0,0
569,1.0,1,0.6873462796211240,1,0,1,1
570,0.0,0,0.23270165920257600,0,0,0,0
571,0.0,0,0.4596916437149050,0,0,0,0
572,0.0,1,0.6480262875556950,1,0,1,1
573,1.0,1,0.837282657623291,1,0,1,1
574,0.0,0,0.19251638650894200,0,0,0,0
575,1.0,0,0.34444865584373500,0,0,0,0
576,1.0,1,0.7874897718429570,1,0,1,1
577,0.0,1,0.5511656999588010,1,0,1,1
578,0.0,1,0.9494940042495730,1,0,1,1
579,0.0,0,0.17272967100143400,0,0,0,0
580,0.0,1,0.7270346879959110,1,0,1,1
581,1.0,1,0.7865574359893800,1,0,1,1
582,0.0,0,0.35206595063209500,0,0,0,0
583,0.0,1,0.6116057634353640,1,0,1,1
584,1.0,1,0.7080603837966920,1,0,1,1
585,1.0,1,0.9176608324050900,1,0,1,1
586,1.0,1,0.6435288190841680,1,0,1,1
587,1.0,0,0.4870603084564210,0,0,0,0
588,0.0,1,0.7148138284683230,1,0,1,1
589,0.0,0,0.37237441539764400,0,0,0,0
590,1.0,1,0.5885663628578190,1,0,1,1
591,0.0,1,0.5787697434425350,1,0,1,1
592,0.0,0,0.20866093039512600,0,0,0,0
593,1.0,0,0.46465688943862900,0,0,0,0
594,0.0,1,0.505454421043396,1,0,1,1
595,0.0,0,0.2531881332397460,0,0,0,0
596,1.0,1,0.6840168237686160,1,0,1,1
597,1.0,1,0.6241886019706730,1,0,1,1
598,0.0,0,0.4097779393196110,0,0,0,0
599,0.0,1,0.5403282046318050,1,0,1,1
600,0.0,0,0.3943052589893340,0,0,0,0
601,1.0,1,0.7760811448097230,1,0,1,1
602,1.0,1,0.6241301894187930,1,0,1,1
603,1.0,1,0.695303201675415,1,0,1,1
604,0.0,0,0.3090425133705140,0,0,0,0
605,1.0,1,0.6071004867553710,1,0,1,1
606,1.0,0,0.43253225088119500,0,0,0,0
607,1.0,1,0.8078287839889530,1,0,1,1
608,0.0,1,0.5961663722991940,1,0,1,1
609,0.0,1,0.5795515179634090,1,0,1,1
610,1.0,0,0.4051596522331240,0,0,0,0
611,0.0,0,0.23363220691680900,0,0,0,0
612,1.0,1,0.652983546257019,1,0,1,1
613,1.0,0,0.4648515582084660,0,0,0,0
614,0.0,1,0.5490561127662660,1,0,1,1
615,1.0,1,0.7258074879646300,1,0,1,1
616,1.0,1,0.570196807384491,1,0,1,1
617,1.0,1,0.8638452291488650,1,0,1,1
618,1.0,0,0.3242863714694980,0,0,0,0
619,1.0,1,0.7088863849639890,1,0,1,1
620,0.0,0,0.2888404130935670,0,0,0,0
621,0.0,0,0.23202458024025000,0,0,0,0
622,1.0,1,0.6873577833175660,1,0,1,1
623,0.0,0,0.40616387128830000,0,0,0,0
624,1.0,1,0.6182281970977780,1,0,1,1
625,0.0,0,0.18946564197540300,0,0,0,0
626,1.0,1,0.7781462073326110,1,0,1,1
627,1.0,1,0.6572607755661010,1,0,1,1
628,0.0,0,0.326745867729187,0,0,0,0
629,1.0,1,0.7092424035072330,1,0,1,1
630,0.0,0,0.4419214427471160,0,0,0,0
631,1.0,1,0.980448305606842,1,0,1,1
632,1.0,1,0.5754672288894650,1,0,1,1
633,0.0,1,0.5100604295730590,1,0,1,1
634,1.0,1,0.7577996850013730,1,0,1,1
635,0.0,0,0.3173432946205140,0,0,0,0
636,0.0,1,0.5545900464057920,1,0,1,1
637,1.0,1,0.6485669612884520,1,0,1,1
638,0.0,0,0.4645392894744870,0,0,0,0
639,1.0,1,0.7894541025161740,1,0,1,1
640,0.0,0,0.19957756996154800,0,0,0,0
641,1.0,1,0.8656779527664190,1,0,1,1
642,1.0,1,0.8182643055915830,1,0,1,1
643,1.0,0,0.20156428217887900,0,0,0,0
644,0.0,1,0.6361386179924010,1,0,1,1
645,0.0,0,0.408542275428772,0,0,0,0
646,1.0,1,0.8008955717086790,1,0,1,1
647,0.0,0,0.48316970467567400,0,0,0,0
648,0.0,1,0.5540393590927120,1,0,1,1
649,1.0,1,0.6872098445892330,1,0,1,1
650,0.0,0,0.3371221423149110,0,0,0,0
651,0.0,1,0.7896449565887450,1,0,1,1
652,1.0,1,0.6143652200698850,1,0,1,1
653,0.0,0,0.4419444799423220,0,0,0,0
654,1.0,0,0.4498366415500640,0,0,0,0
655,1.0,0,0.1517515778541570,0,0,0,0
656,1.0,1,0.6836398243904110,1,0,1,1
657,0.0,1,0.6873114109039310,1,0,1,1
658,0.0,0,0.2604430913925170,0,0,0,0
659,0.0,0,0.45633697509765600,0,0,0,0
660,0.0,0,0.4943177402019500,0,0,0,0
661,1.0,0,0.46939390897750900,0,0,0,0
662,0.0,0,0.18352556228637700,0,0,0,0
663,0.0,0,0.17123129963874800,0,0,0,0
664,1.0,1,0.7147040963172910,1,0,1,1
665,0.0,0,0.17979660630226100,0,0,0,0
666,1.0,1,0.6330493092536930,1,0,1,1
667,0.0,0,0.42747119069099400,0,0,0,0
668,0.0,0,0.29632705450058000,0,0,0,0
669,1.0,1,0.8843916058540340,1,0,1,1
670,0.0,1,0.6136892437934880,1,0,1,1
671,0.0,1,0.5104551911354070,1,0,1,1
672,1.0,1,0.5660803318023680,1,0,1,1
673,1.0,1,0.5101414918899540,1,0,1,1
674,1.0,1,0.8079448938369750,1,0,1,1
675,0.0,1,0.5462419390678410,1,0,1,1
676,0.0,0,0.4195607900619510,0,0,0,0
677,0.0,0,0.33934956789016700,0,0,0,0
678,0.0,0,0.20285072922706600,0,0,0,0
679,1.0,1,0.8688771724700930,1,0,1,1
680,0.0,0,0.2590998411178590,0,0,0,0
681,0.0,0,0.22745248675346400,0,0,0,0
682,0.0,0,0.3965107500553130,0,0,0,0
683,0.0,1,0.593618631362915,1,0,1,1
684,0.0,1,0.7947401404380800,1,0,1,1
685,0.0,0,0.1875060796737670,0,0,0,0
686,1.0,0,0.39731332659721400,0,0,0,0
687,0.0,0,0.21965041756629900,0,0,0,0
688,1.0,0,0.20330283045768700,0,0,0,0
689,1.0,1,0.8539426326751710,1,0,1,1
690,0.0,0,0.4940907061100010,0,0,0,0
691,1.0,1,0.6166306138038640,1,0,1,1
692,0.0,0,0.1788199543952940,0,0,0,0
693,0.0,1,0.6005808711051940,1,0,1,1
694,0.0,0,0.39382192492485000,0,0,0,0
695,1.0,1,0.8257318735122680,1,0,1,1
696,1.0,1,0.540165901184082,1,0,1,1
697,1.0,1,0.6439291834831240,1,0,1,1
698,1.0,1,0.685228705406189,1,0,1,1
699,1.0,1,0.653801441192627,1,0,1,1
700,0.0,1,0.5164960622787480,1,0,1,1
701,0.0,0,0.18321233987808200,0,0,0,0
702,1.0,1,0.7382659316062930,1,0,1,1
703,1.0,0,0.43972110748291000,0,0,0,0
704,0.0,0,0.26618754863739000,0,0,0,0
705,1.0,1,0.658067524433136,1,0,1,1
706,0.0,0,0.3864024579524990,0,0,0,0
707,0.0,0,0.30356812477111800,0,0,0,0
708,1.0,1,0.569591760635376,1,0,1,1
709,1.0,1,0.6814093589782720,1,0,1,1
710,1.0,0,0.24713394045829800,0,0,0,0
711,1.0,0,0.3946397304534910,0,0,0,0
712,1.0,1,0.8348976969718930,1,0,1,1
713,0.0,1,0.6010519862174990,1,0,1,1
714,1.0,0,0.37015587091445900,0,0,0,0
715,0.0,0,0.3946957588195800,0,0,0,0
716,1.0,1,0.5284032821655270,1,0,1,1
717,0.0,1,0.6564440727233890,1,0,1,1
718,0.0,1,0.5106545686721800,1,0,1,1
719,1.0,0,0.20540881156921400,0,0,0,0
720,0.0,0,0.259613037109375,0,0,0,0
721,0.0,1,0.6128914952278140,1,0,1,1
722,1.0,1,0.5867859721183780,1,0,1,1
723,1.0,1,0.6165988445281980,1,0,1,1
724,1.0,1,0.910161018371582,1,0,1,1
725,0.0,0,0.41784167289733900,0,0,0,0
726,1.0,1,0.5517174601554870,1,0,1,1
727,1.0,0,0.4407040774822240,0,0,0,0
728,1.0,0,0.4621622562408450,0,0,0,0
729,0.0,1,0.7437798976898190,1,0,1,1
730,0.0,0,0.43320152163505600,0,0,0,0
731,0.0,1,0.5202527046203610,1,0,1,1
732,1.0,1,0.6553757190704350,1,0,1,1
733,1.0,0,0.2844441533088680,0,0,0,0
734,0.0,0,0.49981117248535200,1,0,1,1
735,1.0,1,0.5860164165496830,1,0,1,1
736,0.0,0,0.18737339973449700,0,0,0,0
737,0.0,0,0.2898256182670590,0,0,0,0
738,1.0,1,0.8496723175048830,1,0,1,1
739,1.0,1,0.6583516597747800,1,0,1,1
740,0.0,1,0.529456615447998,1,0,1,1
741,0.0,1,0.6993314027786260,1,0,1,1
742,0.0,0,0.4708922207355500,0,0,0,0
743,1.0,1,0.6473628878593450,1,0,1,1
744,1.0,1,0.605223536491394,1,0,1,1
745,1.0,1,0.8960801362991330,1,0,1,1
746,0.0,1,0.6851524710655210,1,0,1,1
747,1.0,0,0.2750195264816280,0,0,0,0
748,0.0,1,0.6189228892326360,1,0,1,1
749,0.0,1,0.5173189043998720,1,0,1,1
750,1.0,1,0.8542464971542360,1,0,1,1
751,1.0,1,0.9005234241485600,1,0,1,1
752,1.0,1,0.6207549571990970,1,0,1,1
753,1.0,1,0.6824256181716920,1,0,1,1
754,0.0,0,0.4378819167613980,0,0,0,0
755,0.0,1,0.6611773371696470,1,0,1,1
756,1.0,0,0.44810399413108800,0,0,0,0
757,0.0,0,0.36630576848983800,0,0,0,0
758,0.0,1,0.6445642113685610,1,0,1,1
759,1.0,1,0.7356415390968320,1,0,1,1
760,1.0,1,0.5598774552345280,1,0,1,1
761,1.0,1,0.7855030298233030,1,0,1,1
762,0.0,1,0.6106154322624210,1,0,1,1
763,1.0,1,0.9487841129302980,1,0,1,1
764,1.0,1,0.5200188159942630,1,0,1,1
765,0.0,0,0.4443471431732180,0,0,0,0
766,0.0,0,0.21393609046936000,0,0,0,0
767,0.0,0,0.19193637371063200,0,0,0,0
768,1.0,1,0.5213007926940920,1,0,1,1
769,0.0,1,0.6284329891204830,1,0,1,1
770,0.0,0,0.3407920300960540,0,0,0,0
771,0.0,0,0.322831392288208,0,0,0,0
772,1.0,1,0.8792814016342160,1,0,1,1
773,1.0,1,0.8345790505409240,1,0,1,1
774,0.0,1,0.7685649991035460,1,0,1,1
775,0.0,0,0.32549503445625300,0,0,0,0
776,1.0,1,0.6856098175048830,1,0,1,1
777,0.0,1,0.5616117119789120,1,0,1,1
778,0.0,0,0.35408997535705600,0,0,0,0
779,0.0,1,0.5413310527801510,1,0,1,1
780,0.0,0,0.30510783195495600,0,0,0,0
781,1.0,1,0.7196817398071290,1,0,1,1
782,1.0,1,0.8097735643386840,1,0,1,1
783,0.0,0,0.18050745129585300,0,0,0,0
784,1.0,0,0.49064746499061600,0,0,0,0
785,1.0,0,0.21093535423278800,0,0,0,0
786,0.0,0,0.2530272603034970,0,0,0,0
787,0.0,1,0.7087435722351070,1,0,1,1
788,0.0,1,0.7970048189163210,1,0,1,1
789,0.0,1,0.5153423547744750,1,0,1,1
790,0.0,0,0.20270660519599900,0,0,0,0
791,1.0,0,0.4449935555458070,0,0,0,0
792,1.0,0,0.4732292592525480,0,0,0,0
793,0.0,1,0.7514655590057370,1,0,1,1
794,0.0,1,0.563438355922699,1,0,1,1
795,0.0,1,0.5622832775115970,1,0,1,1
796,0.0,0,0.23298877477645900,0,0,0,0
797,1.0,1,0.5395480394363400,1,0,1,1
798,0.0,0,0.24655723571777300,0,0,0,0
799,0.0,1,0.5583853721618650,1,0,1,1
800,1.0,1,0.844125509262085,1,0,1,1
801,1.0,1,0.8561627268791200,1,0,1,1
802,0.0,1,0.5561466217041020,1,0,1,1
803,0.0,1,0.6213531494140630,1,0,1,1
804,1.0,1,0.7699233293533330,1,0,1,1
805,1.0,1,0.5383750796318050,1,0,1,1
806,1.0,0,0.4173469841480260,0,0,0,0
807,0.0,0,0.19392985105514500,0,0,0,0
808,0.0,0,0.19409286975860600,0,0,0,0
809,1.0,0,0.20149454474449200,0,0,0,0
810,1.0,1,0.6925315856933590,1,0,1,1
811,0.0,0,0.18503990769386300,0,0,0,0
812,1.0,1,0.5921072959899900,1,0,1,1
813,1.0,1,0.9892071485519410,1,0,1,1
814,1.0,0,0.46923065185546900,0,0,0,0
815,1.0,0,0.386870801448822,0,0,0,0
816,0.0,1,0.5919995903968810,1,0,1,1
817,0.0,1,0.5098271369934080,1,0,1,1
818,0.0,1,0.8639652132987980,1,0,1,1
819,0.0,0,0.30413442850112900,0,0,0,0
820,1.0,0,0.342928946018219,0,0,0,0
821,0.0,0,0.4181571304798130,0,0,0,0
822,0.0,0,0.36643296480178800,0,0,0,0
823,1.0,0,0.2957378625869750,0,0,0,0
824,0.0,1,0.5055859684944150,1,0,1,1
825,1.0,0,0.33749920129776,0,0,0,0
826,1.0,0,0.453460693359375,0,0,0,0
827,1.0,1,0.5339851379394530,1,0,1,1
828,0.0,1,0.9419622421264650,1,0,1,1
829,0.0,1,0.8191735148429870,1,0,1,1
830,0.0,0,0.23405858874321000,0,0,0,0
831,1.0,1,0.5874102711677550,1,0,1,1
832,0.0,0,0.2596622705459600,0,0,0,0
833,0.0,1,0.6397894024848940,1,0,1,1
834,1.0,1,0.8994041085243230,1,0,1,1
835,1.0,1,0.5276954174041750,1,0,1,1
836,1.0,1,0.618582010269165,1,0,1,1
837,0.0,1,0.6369004249572750,1,0,1,1
838,1.0,1,0.5688391327857970,1,0,1,1
839,1.0,1,0.7758970856666570,1,0,1,1
840,1.0,0,0.2472299039363860,0,0,0,0
841,0.0,1,0.6549853086471560,1,0,1,1
842,1.0,0,0.4111008644104000,0,0,0,0
843,1.0,1,0.7445254325866700,1,0,1,1
844,0.0,1,0.5928420424461370,1,0,1,1
845,1.0,1,0.6766500473022460,1,0,1,1
846,0.0,0,0.3789480924606320,0,0,0,0
847,0.0,1,0.62190842628479,1,0,1,1
848,0.0,1,0.557515025138855,1,0,1,1
849,1.0,1,0.7868633270263670,1,0,1,1
850,1.0,0,0.39641061425209000,0,0,0,0
851,1.0,1,0.7612307667732240,1,0,1,1
852,0.0,1,0.560764491558075,1,0,1,1
853,0.0,1,0.6693562865257260,1,0,1,1
854,1.0,1,0.5383310914039610,1,0,1,1
855,0.0,0,0.36236608028411900,0,0,0,0
856,0.0,0,0.2994135022163390,0,0,0,0
857,0.0,0,0.285492479801178,0,0,0,0
858,1.0,1,0.6361132860183720,1,0,1,1
859,0.0,1,0.6564065217971800,1,0,1,1
860,0.0,1,0.7808213233947750,1,0,1,1
861,0.0,0,0.21279051899910000,0,0,0,0
862,0.0,0,0.20129016041755700,0,0,0,0
863,1.0,0,0.2528614401817320,0,0,0,0
864,1.0,1,0.5808401107788090,1,0,1,1
865,1.0,1,0.6873809695243840,1,0,1,1
866,1.0,1,0.7132756114006040,1,0,1,1
867,0.0,0,0.18657493591308600,0,0,0,0
868,1.0,1,0.6000186204910280,1,0,1,1
869,1.0,0,0.48392194509506200,0,0,0,0
870,1.0,0,0.28399908542633100,0,0,0,0
871,0.0,0,0.4732889235019680,0,0,0,0
872,1.0,0,0.27944469451904300,0,0,0,0
873,1.0,1,0.6980838179588320,1,0,1,1
874,0.0,0,0.18615937232971200,0,0,0,0
875,0.0,1,0.5006872415542600,1,0,1,1
876,0.0,1,0.6126728653907780,1,0,1,1
877,0.0,1,0.5209766030311580,1,0,1,1
878,1.0,1,0.5285502076148990,1,0,1,1
879,1.0,1,0.5602144598960880,1,0,1,1
880,0.0,0,0.23448923230171200,0,0,0,0
881,0.0,1,0.7325726747512820,1,0,1,1
882,1.0,1,0.6780146956443790,1,0,1,1
883,1.0,1,0.5180901885032650,1,0,1,1
884,1.0,1,0.7733844518661500,1,0,1,1
885,0.0,1,0.650499701499939,1,0,1,1
886,0.0,1,0.5217230319976810,1,0,1,1
887,1.0,1,0.6660438776016240,1,0,1,1
888,1.0,1,0.5659945011138920,1,0,1,1
889,0.0,1,0.6284404993057250,1,0,1,1
890,1.0,1,0.6586549282073980,1,0,1,1
891,0.0,1,0.5710910558700560,1,0,1,1
892,1.0,1,0.599050760269165,1,0,1,1
893,1.0,1,0.7944424748420720,1,0,1,1
894,0.0,1,0.6021255254745480,1,0,1,1
895,1.0,1,0.5346758961677550,1,0,1,1
896,0.0,1,0.6121505498886110,1,0,1,1
897,1.0,1,0.6819131374359130,1,0,1,1
898,0.0,0,0.2812266945838930,0,0,0,0
899,0.0,0,0.45928990840911900,0,0,0,0
900,0.0,0,0.28656405210495000,0,0,0,0
901,1.0,1,0.7197260856628420,1,0,1,1
902,0.0,1,0.5851251482963560,1,0,1,1
903,0.0,1,0.5788986682891850,1,0,1,1
904,0.0,1,0.8508804440498350,1,0,1,1
905,1.0,0,0.4973870515823360,0,0,0,0
906,0.0,0,0.320595920085907,0,0,0,0
907,0.0,1,0.5849990248680120,1,0,1,1
908,1.0,1,0.9740266799926760,1,0,1,1
909,1.0,0,0.21063819527626000,0,0,0,0
910,0.0,1,0.7092699408531190,1,0,1,1
911,1.0,1,0.8890650272369390,1,0,1,1
912,1.0,1,0.5232917666435240,1,0,1,1
913,1.0,0,0.40333014726638800,0,0,0,0
914,1.0,0,0.4325043559074400,0,0,0,0
915,0.0,0,0.2069604992866520,0,0,0,0
916,0.0,1,0.61957848072052,1,0,1,1
917,0.0,0,0.43142879009246800,0,0,0,0
918,1.0,1,0.7481828331947330,1,0,1,1
919,1.0,1,0.7585270404815670,1,0,1,1
920,1.0,1,0.6569496989250180,1,0,1,1
921,0.0,0,0.1960614025592800,0,0,0,0
922,1.0,0,0.4198760986328130,0,0,0,0
923,1.0,1,0.5125144720077520,1,0,1,1
924,1.0,1,0.8455824851989750,1,0,1,1
925,1.0,0,0.4751037061214450,0,0,0,0
926,1.0,1,0.7797397971153260,1,0,1,1
927,0.0,0,0.17360541224479700,0,0,0,0
928,0.0,0,0.284135103225708,0,0,0,0
929,1.0,1,0.6291013956069950,1,0,1,1
930,0.0,1,0.6199646592140200,1,0,1,1
931,1.0,0,0.4392772316932680,0,0,0,0
932,0.0,1,0.6269101500511170,1,0,1,1
933,1.0,1,0.821770191192627,1,0,1,1
934,1.0,1,0.7033306360244750,1,0,1,1
935,0.0,0,0.3922315835952760,0,0,0,0
936,0.0,0,0.3345891237258910,0,0,0,0
937,0.0,1,0.5338401794433590,1,0,1,1
938,0.0,1,0.6435195803642270,1,0,1,1
939,1.0,1,0.8793654441833500,1,0,1,1
940,1.0,1,0.5428028702735900,1,0,1,1
941,1.0,1,0.6614070534706120,1,0,1,1
942,0.0,0,0.18881094455719000,0,0,0,0
943,0.0,1,0.679653525352478,1,0,1,1
944,1.0,1,0.7141979336738590,1,0,1,1
945,1.0,1,0.5709515810012820,1,0,1,1
946,0.0,0,0.3597829043865200,0,0,0,0
947,1.0,1,0.7355390787124630,1,0,1,1
948,0.0,0,0.1870906949043270,0,0,0,0
949,0.0,0,0.48145022988319400,0,0,0,0
950,1.0,1,0.8918588161468510,1,0,1,1
951,1.0,1,0.8375717997550960,1,0,1,1
952,1.0,0,0.4694034159183500,0,0,0,0
953,0.0,0,0.16528597474098200,0,0,0,0
954,0.0,0,0.26664838194847100,0,0,0,0
955,0.0,1,0.5968756675720220,1,0,1,1
956,0.0,0,0.4658682346343990,0,0,0,0
957,1.0,0,0.44907698035240200,0,0,0,0
958,1.0,1,0.6763370037078860,1,0,1,1
959,0.0,1,0.5752695798873900,1,0,1,1
960,0.0,0,0.36091309785842900,0,0,0,0
961,1.0,1,0.8867727518081670,1,0,1,1
962,1.0,1,0.9844555854797360,1,0,1,1
963,0.0,0,0.22797134518623400,0,0,0,0
964,0.0,1,0.5492990016937260,1,0,1,1
965,0.0,0,0.18253985047340400,0,0,0,0
966,0.0,0,0.47544464468956000,0,0,0,0
967,1.0,1,0.8573970794677730,1,0,1,1
968,1.0,1,0.8563376069068910,1,0,1,1
969,0.0,1,0.688059389591217,1,0,1,1
970,1.0,1,0.6236934065818790,1,0,1,1
971,0.0,0,0.1792609989643100,0,0,0,0
972,1.0,1,0.7082445621490480,1,0,1,1
973,1.0,1,0.9716459512710570,1,0,1,1
974,1.0,0,0.3000462055206300,0,0,0,0
975,0.0,0,0.38748911023140000,0,0,0,0
976,1.0,1,0.6487045884132390,1,0,1,1
977,0.0,0,0.1964581310749050,0,0,0,0
978,0.0,0,0.2380220890045170,0,0,0,0
979,0.0,0,0.18855378031730700,0,0,0,0
980,0.0,0,0.4707965552806850,0,0,0,0
981,0.0,0,0.361907035112381,0,0,0,0
982,0.0,1,0.680746853351593,1,0,1,1
983,0.0,1,0.7097871899604800,1,0,1,1
984,0.0,0,0.49561482667923000,0,0,0,0
985,0.0,1,0.5143519639968870,1,0,1,1
986,0.0,0,0.2198805809021000,0,0,0,0
987,1.0,1,0.7309368848800660,1,0,1,1
988,1.0,0,0.22511956095695500,0,0,0,0
989,1.0,1,0.547382116317749,1,0,1,1
990,0.0,0,0.2884122431278230,0,0,0,0
991,1.0,0,0.1819818615913390,0,0,0,0
992,1.0,1,0.7096970081329350,1,0,1,1
993,1.0,0,0.46596473455429100,0,0,0,0
994,0.0,1,0.6711084842681890,1,0,1,1
995,1.0,0,0.18014928698539700,0,0,0,0
996,0.0,0,0.49646779894828800,0,0,0,0
997,0.0,0,0.37146103382110600,0,0,0,0
998,0.0,1,0.6058170795440670,1,0,1,1
999,0.0,0,0.4299774169921880,0,0,0,0